username,f_name,l_name
anne_appleseed,Anne,Appleseed
bill_brown,Bill,Brown
carl_clarke,Carl,Clarke
david_darcy,David,Darcy
eric_evans,Eric,Evans
frank_fox,Frank,Fox
gina_green,Gina,Green
henry_hull,Henry,Hull
irene_ida,Irene,Ida
jack_jones,Jack,Jones